Molecule 1,Molecule 2,Distance
bpRNA_RFAM_37138,bpRNA_RFAM_37140,85.5
bpRNA_RFAM_37138,bpRNA_RFAM_37142,65.5
bpRNA_RFAM_37138,bpRNA_RFAM_37143,67.5
bpRNA_RFAM_37138,bpRNA_RFAM_37146,73.5
bpRNA_RFAM_37138,bpRNA_RFAM_37149,57.5
bpRNA_RFAM_37138,bpRNA_RFAM_37151,54.5
bpRNA_RFAM_37138,bpRNA_RFAM_37153,50.5
bpRNA_RFAM_37138,bpRNA_RFAM_38668,-34.5
bpRNA_RFAM_37138,bpRNA_RFAM_42542,-29.5
bpRNA_RFAM_37138,bpRNA_RFAM_42545,-30.5
bpRNA_RFAM_37138,bpRNA_RFAM_42548,-29.5
bpRNA_RFAM_37138,bpRNA_RFAM_42550,-29.5
bpRNA_RFAM_37138,bpRNA_RFAM_42552,-29.5
bpRNA_RFAM_37138,bpRNA_RFAM_42554,-39.5
bpRNA_RFAM_37138,bpRNA_RFAM_42556,-30.5
bpRNA_RFAM_37138,bpRNA_RFAM_42558,-32.5
bpRNA_RFAM_37138,bpRNA_RFAM_42563,-19.5
bpRNA_RFAM_37138,bpRNA_RFAM_42565,-16.5
bpRNA_RFAM_37138,bpRNA_RFAM_42569,-21.5
bpRNA_RFAM_37138,bpRNA_RFAM_42570,-22.5
bpRNA_RFAM_37138,bpRNA_RFAM_42574,-18.5
bpRNA_RFAM_37138,bpRNA_RFAM_42576,-16.5
bpRNA_RFAM_37138,bpRNA_RFAM_42577,-17.5
bpRNA_RFAM_37138,bpRNA_RFAM_42584,-12
bpRNA_RFAM_37138,bpRNA_RFAM_42585,-7
bpRNA_RFAM_37138,bpRNA_RFAM_42587,-55.5
bpRNA_RFAM_37138,bpRNA_RFAM_42602,-59
bpRNA_RFAM_37138,bpRNA_RFAM_42603,-10
bpRNA_RFAM_37138,bpRNA_RFAM_5814,-28
bpRNA_RFAM_37138,bpRNA_RFAM_5815,-24.5
bpRNA_RFAM_37138,bpRNA_RFAM_5967,-30
bpRNA_RFAM_37138,bpRNA_RFAM_5968,-31.5
bpRNA_RFAM_37138,bpRNA_RFAM_5969,-27.5
bpRNA_RFAM_37138,bpRNA_RFAM_5970,-36
bpRNA_RFAM_37138,bpRNA_RFAM_5971,-30
bpRNA_RFAM_37138,bpRNA_RFAM_670,-30.5
bpRNA_RFAM_37140,bpRNA_RFAM_37142,69.5
bpRNA_RFAM_37140,bpRNA_RFAM_37143,71.5
bpRNA_RFAM_37140,bpRNA_RFAM_37146,65.5
bpRNA_RFAM_37140,bpRNA_RFAM_37149,63.5
bpRNA_RFAM_37140,bpRNA_RFAM_37151,56.5
bpRNA_RFAM_37140,bpRNA_RFAM_37153,53.5
bpRNA_RFAM_37140,bpRNA_RFAM_38668,-32
bpRNA_RFAM_37140,bpRNA_RFAM_42542,-34.5
bpRNA_RFAM_37140,bpRNA_RFAM_42545,-33.5
bpRNA_RFAM_37140,bpRNA_RFAM_42548,-32.5
bpRNA_RFAM_37140,bpRNA_RFAM_42550,-32.5
bpRNA_RFAM_37140,bpRNA_RFAM_42552,-26.5
bpRNA_RFAM_37140,bpRNA_RFAM_42554,-40.5
bpRNA_RFAM_37140,bpRNA_RFAM_42556,-36.5
bpRNA_RFAM_37140,bpRNA_RFAM_42558,-32.5
bpRNA_RFAM_37140,bpRNA_RFAM_42563,-26.5
bpRNA_RFAM_37140,bpRNA_RFAM_42565,-17.5
bpRNA_RFAM_37140,bpRNA_RFAM_42569,-24.5
bpRNA_RFAM_37140,bpRNA_RFAM_42570,-30.5
bpRNA_RFAM_37140,bpRNA_RFAM_42574,-28.5
bpRNA_RFAM_37140,bpRNA_RFAM_42576,-20.5
bpRNA_RFAM_37140,bpRNA_RFAM_42577,-21.5
bpRNA_RFAM_37140,bpRNA_RFAM_42584,-13
bpRNA_RFAM_37140,bpRNA_RFAM_42585,-5
bpRNA_RFAM_37140,bpRNA_RFAM_42587,-57.5
bpRNA_RFAM_37140,bpRNA_RFAM_42602,-64
bpRNA_RFAM_37140,bpRNA_RFAM_42603,-15
bpRNA_RFAM_37140,bpRNA_RFAM_5814,-29
bpRNA_RFAM_37140,bpRNA_RFAM_5815,-26.5
bpRNA_RFAM_37140,bpRNA_RFAM_5967,-33
bpRNA_RFAM_37140,bpRNA_RFAM_5968,-32.5
bpRNA_RFAM_37140,bpRNA_RFAM_5969,-27.5
bpRNA_RFAM_37140,bpRNA_RFAM_5970,-36
bpRNA_RFAM_37140,bpRNA_RFAM_5971,-32
bpRNA_RFAM_37140,bpRNA_RFAM_670,-31.5
bpRNA_RFAM_37142,bpRNA_RFAM_37143,97.5
bpRNA_RFAM_37142,bpRNA_RFAM_37146,54.5
bpRNA_RFAM_37142,bpRNA_RFAM_37149,58.5
bpRNA_RFAM_37142,bpRNA_RFAM_37151,61.5
bpRNA_RFAM_37142,bpRNA_RFAM_37153,43.5
bpRNA_RFAM_37142,bpRNA_RFAM_38668,-35.5
bpRNA_RFAM_37142,bpRNA_RFAM_42542,-26.5
bpRNA_RFAM_37142,bpRNA_RFAM_42545,-25.5
bpRNA_RFAM_37142,bpRNA_RFAM_42548,-24.5
bpRNA_RFAM_37142,bpRNA_RFAM_42550,-26.5
bpRNA_RFAM_37142,bpRNA_RFAM_42552,-30.5
bpRNA_RFAM_37142,bpRNA_RFAM_42554,-38.5
bpRNA_RFAM_37142,bpRNA_RFAM_42556,-32.5
bpRNA_RFAM_37142,bpRNA_RFAM_42558,-28.5
bpRNA_RFAM_37142,bpRNA_RFAM_42563,-23.5
bpRNA_RFAM_37142,bpRNA_RFAM_42565,-14.5
bpRNA_RFAM_37142,bpRNA_RFAM_42569,-16.5
bpRNA_RFAM_37142,bpRNA_RFAM_42570,-23.5
bpRNA_RFAM_37142,bpRNA_RFAM_42574,-21.5
bpRNA_RFAM_37142,bpRNA_RFAM_42576,-11.5
bpRNA_RFAM_37142,bpRNA_RFAM_42577,-13.5
bpRNA_RFAM_37142,bpRNA_RFAM_42584,-16
bpRNA_RFAM_37142,bpRNA_RFAM_42585,-13
bpRNA_RFAM_37142,bpRNA_RFAM_42587,-54.5
bpRNA_RFAM_37142,bpRNA_RFAM_42602,-56
bpRNA_RFAM_37142,bpRNA_RFAM_42603,-10
bpRNA_RFAM_37142,bpRNA_RFAM_5814,-34
bpRNA_RFAM_37142,bpRNA_RFAM_5815,-31
bpRNA_RFAM_37142,bpRNA_RFAM_5967,-32.5
bpRNA_RFAM_37142,bpRNA_RFAM_5968,-25.5
bpRNA_RFAM_37142,bpRNA_RFAM_5969,-29.5
bpRNA_RFAM_37142,bpRNA_RFAM_5970,-28.5
bpRNA_RFAM_37142,bpRNA_RFAM_5971,-32.5
bpRNA_RFAM_37142,bpRNA_RFAM_670,-31
bpRNA_RFAM_37143,bpRNA_RFAM_37146,56.5
bpRNA_RFAM_37143,bpRNA_RFAM_37149,62.5
bpRNA_RFAM_37143,bpRNA_RFAM_37151,64.5
bpRNA_RFAM_37143,bpRNA_RFAM_37153,49.5
bpRNA_RFAM_37143,bpRNA_RFAM_38668,-35.5
bpRNA_RFAM_37143,bpRNA_RFAM_42542,-26.5
bpRNA_RFAM_37143,bpRNA_RFAM_42545,-25.5
bpRNA_RFAM_37143,bpRNA_RFAM_42548,-26.5
bpRNA_RFAM_37143,bpRNA_RFAM_42550,-28.5
bpRNA_RFAM_37143,bpRNA_RFAM_42552,-32.5
bpRNA_RFAM_37143,bpRNA_RFAM_42554,-38.5
bpRNA_RFAM_37143,bpRNA_RFAM_42556,-32.5
bpRNA_RFAM_37143,bpRNA_RFAM_42558,-28.5
bpRNA_RFAM_37143,bpRNA_RFAM_42563,-25.5
bpRNA_RFAM_37143,bpRNA_RFAM_42565,-15.5
bpRNA_RFAM_37143,bpRNA_RFAM_42569,-20.5
bpRNA_RFAM_37143,bpRNA_RFAM_42570,-26.5
bpRNA_RFAM_37143,bpRNA_RFAM_42574,-23.5
bpRNA_RFAM_37143,bpRNA_RFAM_42576,-13.5
bpRNA_RFAM_37143,bpRNA_RFAM_42577,-17.5
bpRNA_RFAM_37143,bpRNA_RFAM_42584,-17
bpRNA_RFAM_37143,bpRNA_RFAM_42585,-12
bpRNA_RFAM_37143,bpRNA_RFAM_42587,-54.5
bpRNA_RFAM_37143,bpRNA_RFAM_42602,-56
bpRNA_RFAM_37143,bpRNA_RFAM_42603,-10
bpRNA_RFAM_37143,bpRNA_RFAM_5814,-31
bpRNA_RFAM_37143,bpRNA_RFAM_5815,-30
bpRNA_RFAM_37143,bpRNA_RFAM_5967,-32.5
bpRNA_RFAM_37143,bpRNA_RFAM_5968,-25.5
bpRNA_RFAM_37143,bpRNA_RFAM_5969,-27.5
bpRNA_RFAM_37143,bpRNA_RFAM_5970,-28.5
bpRNA_RFAM_37143,bpRNA_RFAM_5971,-32.5
bpRNA_RFAM_37143,bpRNA_RFAM_670,-29
bpRNA_RFAM_37146,bpRNA_RFAM_37149,71.5
bpRNA_RFAM_37146,bpRNA_RFAM_37151,57.5
bpRNA_RFAM_37146,bpRNA_RFAM_37153,58.5
bpRNA_RFAM_37146,bpRNA_RFAM_38668,-35
bpRNA_RFAM_37146,bpRNA_RFAM_42542,-26.5
bpRNA_RFAM_37146,bpRNA_RFAM_42545,-28.5
bpRNA_RFAM_37146,bpRNA_RFAM_42548,-28.5
bpRNA_RFAM_37146,bpRNA_RFAM_42550,-26.5
bpRNA_RFAM_37146,bpRNA_RFAM_42552,-26.5
bpRNA_RFAM_37146,bpRNA_RFAM_42554,-39.5
bpRNA_RFAM_37146,bpRNA_RFAM_42556,-27.5
bpRNA_RFAM_37146,bpRNA_RFAM_42558,-29.5
bpRNA_RFAM_37146,bpRNA_RFAM_42563,-19.5
bpRNA_RFAM_37146,bpRNA_RFAM_42565,-16.5
bpRNA_RFAM_37146,bpRNA_RFAM_42569,-26.5
bpRNA_RFAM_37146,bpRNA_RFAM_42570,-22.5
bpRNA_RFAM_37146,bpRNA_RFAM_42574,-25.5
bpRNA_RFAM_37146,bpRNA_RFAM_42576,-19.5
bpRNA_RFAM_37146,bpRNA_RFAM_42577,-20.5
bpRNA_RFAM_37146,bpRNA_RFAM_42584,-8.5
bpRNA_RFAM_37146,bpRNA_RFAM_42585,-4.5
bpRNA_RFAM_37146,bpRNA_RFAM_42587,-52
bpRNA_RFAM_37146,bpRNA_RFAM_42602,-56
bpRNA_RFAM_37146,bpRNA_RFAM_42603,-7
bpRNA_RFAM_37146,bpRNA_RFAM_5814,-30
bpRNA_RFAM_37146,bpRNA_RFAM_5815,-28.5
bpRNA_RFAM_37146,bpRNA_RFAM_5967,-26.5
bpRNA_RFAM_37146,bpRNA_RFAM_5968,-29.5
bpRNA_RFAM_37146,bpRNA_RFAM_5969,-24
bpRNA_RFAM_37146,bpRNA_RFAM_5970,-30
bpRNA_RFAM_37146,bpRNA_RFAM_5971,-25.5
bpRNA_RFAM_37146,bpRNA_RFAM_670,-29
bpRNA_RFAM_37149,bpRNA_RFAM_37151,61.5
bpRNA_RFAM_37149,bpRNA_RFAM_37153,68.5
bpRNA_RFAM_37149,bpRNA_RFAM_38668,-26.5
bpRNA_RFAM_37149,bpRNA_RFAM_42542,-29.5
bpRNA_RFAM_37149,bpRNA_RFAM_42545,-30.5
bpRNA_RFAM_37149,bpRNA_RFAM_42548,-23.5
bpRNA_RFAM_37149,bpRNA_RFAM_42550,-25.5
bpRNA_RFAM_37149,bpRNA_RFAM_42552,-28.5
bpRNA_RFAM_37149,bpRNA_RFAM_42554,-40.5
bpRNA_RFAM_37149,bpRNA_RFAM_42556,-32.5
bpRNA_RFAM_37149,bpRNA_RFAM_42558,-31.5
bpRNA_RFAM_37149,bpRNA_RFAM_42563,-21.5
bpRNA_RFAM_37149,bpRNA_RFAM_42565,-18.5
bpRNA_RFAM_37149,bpRNA_RFAM_42569,-27.5
bpRNA_RFAM_37149,bpRNA_RFAM_42570,-27.5
bpRNA_RFAM_37149,bpRNA_RFAM_42574,-24.5
bpRNA_RFAM_37149,bpRNA_RFAM_42576,-12.5
bpRNA_RFAM_37149,bpRNA_RFAM_42577,-13.5
bpRNA_RFAM_37149,bpRNA_RFAM_42584,-12.5
bpRNA_RFAM_37149,bpRNA_RFAM_42585,-5.5
bpRNA_RFAM_37149,bpRNA_RFAM_42587,-59.5
bpRNA_RFAM_37149,bpRNA_RFAM_42602,-60.5
bpRNA_RFAM_37149,bpRNA_RFAM_42603,-6
bpRNA_RFAM_37149,bpRNA_RFAM_5814,-29
bpRNA_RFAM_37149,bpRNA_RFAM_5815,-26.5
bpRNA_RFAM_37149,bpRNA_RFAM_5967,-31
bpRNA_RFAM_37149,bpRNA_RFAM_5968,-35
bpRNA_RFAM_37149,bpRNA_RFAM_5969,-27
bpRNA_RFAM_37149,bpRNA_RFAM_5970,-29.5
bpRNA_RFAM_37149,bpRNA_RFAM_5971,-31
bpRNA_RFAM_37149,bpRNA_RFAM_670,-35
bpRNA_RFAM_37151,bpRNA_RFAM_37153,55.5
bpRNA_RFAM_37151,bpRNA_RFAM_38668,-29.5
bpRNA_RFAM_37151,bpRNA_RFAM_42542,-29.5
bpRNA_RFAM_37151,bpRNA_RFAM_42545,-31.5
bpRNA_RFAM_37151,bpRNA_RFAM_42548,-24.5
bpRNA_RFAM_37151,bpRNA_RFAM_42550,-25.5
bpRNA_RFAM_37151,bpRNA_RFAM_42552,-29.5
bpRNA_RFAM_37151,bpRNA_RFAM_42554,-38.5
bpRNA_RFAM_37151,bpRNA_RFAM_42556,-31.5
bpRNA_RFAM_37151,bpRNA_RFAM_42558,-28.5
bpRNA_RFAM_37151,bpRNA_RFAM_42563,-24.5
bpRNA_RFAM_37151,bpRNA_RFAM_42565,-21
bpRNA_RFAM_37151,bpRNA_RFAM_42569,-24.5
bpRNA_RFAM_37151,bpRNA_RFAM_42570,-26
bpRNA_RFAM_37151,bpRNA_RFAM_42574,-19
bpRNA_RFAM_37151,bpRNA_RFAM_42576,-14.5
bpRNA_RFAM_37151,bpRNA_RFAM_42577,-16
bpRNA_RFAM_37151,bpRNA_RFAM_42584,-14
bpRNA_RFAM_37151,bpRNA_RFAM_42585,-7
bpRNA_RFAM_37151,bpRNA_RFAM_42587,-49.5
bpRNA_RFAM_37151,bpRNA_RFAM_42602,-51
bpRNA_RFAM_37151,bpRNA_RFAM_42603,-11
bpRNA_RFAM_37151,bpRNA_RFAM_5814,-32.5
bpRNA_RFAM_37151,bpRNA_RFAM_5815,-28
bpRNA_RFAM_37151,bpRNA_RFAM_5967,-33
bpRNA_RFAM_37151,bpRNA_RFAM_5968,-29.5
bpRNA_RFAM_37151,bpRNA_RFAM_5969,-25.5
bpRNA_RFAM_37151,bpRNA_RFAM_5970,-29.5
bpRNA_RFAM_37151,bpRNA_RFAM_5971,-32.5
bpRNA_RFAM_37151,bpRNA_RFAM_670,-31.5
bpRNA_RFAM_37153,bpRNA_RFAM_38668,-29
bpRNA_RFAM_37153,bpRNA_RFAM_42542,-31.5
bpRNA_RFAM_37153,bpRNA_RFAM_42545,-33.5
bpRNA_RFAM_37153,bpRNA_RFAM_42548,-23.5
bpRNA_RFAM_37153,bpRNA_RFAM_42550,-27.5
bpRNA_RFAM_37153,bpRNA_RFAM_42552,-27.5
bpRNA_RFAM_37153,bpRNA_RFAM_42554,-36.5
bpRNA_RFAM_37153,bpRNA_RFAM_42556,-28.5
bpRNA_RFAM_37153,bpRNA_RFAM_42558,-29.5
bpRNA_RFAM_37153,bpRNA_RFAM_42563,-19.5
bpRNA_RFAM_37153,bpRNA_RFAM_42565,-19.5
bpRNA_RFAM_37153,bpRNA_RFAM_42569,-19.5
bpRNA_RFAM_37153,bpRNA_RFAM_42570,-28.5
bpRNA_RFAM_37153,bpRNA_RFAM_42574,-21.5
bpRNA_RFAM_37153,bpRNA_RFAM_42576,-18.5
bpRNA_RFAM_37153,bpRNA_RFAM_42577,-15.5
bpRNA_RFAM_37153,bpRNA_RFAM_42584,-6.5
bpRNA_RFAM_37153,bpRNA_RFAM_42585,1.5
bpRNA_RFAM_37153,bpRNA_RFAM_42587,-56
bpRNA_RFAM_37153,bpRNA_RFAM_42602,-58.5
bpRNA_RFAM_37153,bpRNA_RFAM_42603,-13
bpRNA_RFAM_37153,bpRNA_RFAM_5814,-21
bpRNA_RFAM_37153,bpRNA_RFAM_5815,-21
bpRNA_RFAM_37153,bpRNA_RFAM_5967,-31.5
bpRNA_RFAM_37153,bpRNA_RFAM_5968,-31
bpRNA_RFAM_37153,bpRNA_RFAM_5969,-25
bpRNA_RFAM_37153,bpRNA_RFAM_5970,-22
bpRNA_RFAM_37153,bpRNA_RFAM_5971,-31.5
bpRNA_RFAM_37153,bpRNA_RFAM_670,-33.5
bpRNA_RFAM_38668,bpRNA_RFAM_42542,-26
bpRNA_RFAM_38668,bpRNA_RFAM_42545,-32
bpRNA_RFAM_38668,bpRNA_RFAM_42548,-26
bpRNA_RFAM_38668,bpRNA_RFAM_42550,-26
bpRNA_RFAM_38668,bpRNA_RFAM_42552,-38.5
bpRNA_RFAM_38668,bpRNA_RFAM_42554,-30
bpRNA_RFAM_38668,bpRNA_RFAM_42556,-36
bpRNA_RFAM_38668,bpRNA_RFAM_42558,-33.5
bpRNA_RFAM_38668,bpRNA_RFAM_42563,-34.5
bpRNA_RFAM_38668,bpRNA_RFAM_42565,-33
bpRNA_RFAM_38668,bpRNA_RFAM_42569,-28.5
bpRNA_RFAM_38668,bpRNA_RFAM_42570,-29.5
bpRNA_RFAM_38668,bpRNA_RFAM_42574,-30.5
bpRNA_RFAM_38668,bpRNA_RFAM_42576,-27.5
bpRNA_RFAM_38668,bpRNA_RFAM_42577,-29.5
bpRNA_RFAM_38668,bpRNA_RFAM_42584,-18
bpRNA_RFAM_38668,bpRNA_RFAM_42585,-20
bpRNA_RFAM_38668,bpRNA_RFAM_42587,-43
bpRNA_RFAM_38668,bpRNA_RFAM_42602,-44.5
bpRNA_RFAM_38668,bpRNA_RFAM_42603,-31
bpRNA_RFAM_38668,bpRNA_RFAM_5814,-53.5
bpRNA_RFAM_38668,bpRNA_RFAM_5815,-53
bpRNA_RFAM_38668,bpRNA_RFAM_5967,-39
bpRNA_RFAM_38668,bpRNA_RFAM_5968,-36
bpRNA_RFAM_38668,bpRNA_RFAM_5969,-36.5
bpRNA_RFAM_38668,bpRNA_RFAM_5970,-29
bpRNA_RFAM_38668,bpRNA_RFAM_5971,-38
bpRNA_RFAM_38668,bpRNA_RFAM_670,-24.5
bpRNA_RFAM_42542,bpRNA_RFAM_42545,93
bpRNA_RFAM_42542,bpRNA_RFAM_42548,87
bpRNA_RFAM_42542,bpRNA_RFAM_42550,91
bpRNA_RFAM_42542,bpRNA_RFAM_42552,77
bpRNA_RFAM_42542,bpRNA_RFAM_42554,64
bpRNA_RFAM_42542,bpRNA_RFAM_42556,66
bpRNA_RFAM_42542,bpRNA_RFAM_42558,82
bpRNA_RFAM_42542,bpRNA_RFAM_42563,-28
bpRNA_RFAM_42542,bpRNA_RFAM_42565,-30.5
bpRNA_RFAM_42542,bpRNA_RFAM_42569,-27.5
bpRNA_RFAM_42542,bpRNA_RFAM_42570,-26.5
bpRNA_RFAM_42542,bpRNA_RFAM_42574,-22
bpRNA_RFAM_42542,bpRNA_RFAM_42576,-26.5
bpRNA_RFAM_42542,bpRNA_RFAM_42577,-26
bpRNA_RFAM_42542,bpRNA_RFAM_42584,-12.5
bpRNA_RFAM_42542,bpRNA_RFAM_42585,-13
bpRNA_RFAM_42542,bpRNA_RFAM_42587,-17
bpRNA_RFAM_42542,bpRNA_RFAM_42602,-21.5
bpRNA_RFAM_42542,bpRNA_RFAM_42603,-14.5
bpRNA_RFAM_42542,bpRNA_RFAM_5814,-38
bpRNA_RFAM_42542,bpRNA_RFAM_5815,-37
bpRNA_RFAM_42542,bpRNA_RFAM_5967,-22.5
bpRNA_RFAM_42542,bpRNA_RFAM_5968,-23.5
bpRNA_RFAM_42542,bpRNA_RFAM_5969,-21.5
bpRNA_RFAM_42542,bpRNA_RFAM_5970,-26
bpRNA_RFAM_42542,bpRNA_RFAM_5971,-22.5
bpRNA_RFAM_42542,bpRNA_RFAM_670,-15
bpRNA_RFAM_42545,bpRNA_RFAM_42548,83
bpRNA_RFAM_42545,bpRNA_RFAM_42550,79
bpRNA_RFAM_42545,bpRNA_RFAM_42552,75
bpRNA_RFAM_42545,bpRNA_RFAM_42554,58
bpRNA_RFAM_42545,bpRNA_RFAM_42556,65
bpRNA_RFAM_42545,bpRNA_RFAM_42558,87
bpRNA_RFAM_42545,bpRNA_RFAM_42563,-32
bpRNA_RFAM_42545,bpRNA_RFAM_42565,-28.5
bpRNA_RFAM_42545,bpRNA_RFAM_42569,-23.5
bpRNA_RFAM_42545,bpRNA_RFAM_42570,-28
bpRNA_RFAM_42545,bpRNA_RFAM_42574,-26
bpRNA_RFAM_42545,bpRNA_RFAM_42576,-33.5
bpRNA_RFAM_42545,bpRNA_RFAM_42577,-31
bpRNA_RFAM_42545,bpRNA_RFAM_42584,-12.5
bpRNA_RFAM_42545,bpRNA_RFAM_42585,-17
bpRNA_RFAM_42545,bpRNA_RFAM_42587,-20
bpRNA_RFAM_42545,bpRNA_RFAM_42602,-27.5
bpRNA_RFAM_42545,bpRNA_RFAM_42603,-22.5
bpRNA_RFAM_42545,bpRNA_RFAM_5814,-36.5
bpRNA_RFAM_42545,bpRNA_RFAM_5815,-32
bpRNA_RFAM_42545,bpRNA_RFAM_5967,-28.5
bpRNA_RFAM_42545,bpRNA_RFAM_5968,-24.5
bpRNA_RFAM_42545,bpRNA_RFAM_5969,-21.5
bpRNA_RFAM_42545,bpRNA_RFAM_5970,-27.5
bpRNA_RFAM_42545,bpRNA_RFAM_5971,-28.5
bpRNA_RFAM_42545,bpRNA_RFAM_670,-16
bpRNA_RFAM_42548,bpRNA_RFAM_42550,97
bpRNA_RFAM_42548,bpRNA_RFAM_42552,79
bpRNA_RFAM_42548,bpRNA_RFAM_42554,59
bpRNA_RFAM_42548,bpRNA_RFAM_42556,70
bpRNA_RFAM_42548,bpRNA_RFAM_42558,84
bpRNA_RFAM_42548,bpRNA_RFAM_42563,-22
bpRNA_RFAM_42548,bpRNA_RFAM_42565,-28.5
bpRNA_RFAM_42548,bpRNA_RFAM_42569,-22
bpRNA_RFAM_42548,bpRNA_RFAM_42570,-28.5
bpRNA_RFAM_42548,bpRNA_RFAM_42574,-23
bpRNA_RFAM_42548,bpRNA_RFAM_42576,-29.5
bpRNA_RFAM_42548,bpRNA_RFAM_42577,-28
bpRNA_RFAM_42548,bpRNA_RFAM_42584,-12.5
bpRNA_RFAM_42548,bpRNA_RFAM_42585,-14.5
bpRNA_RFAM_42548,bpRNA_RFAM_42587,-12.5
bpRNA_RFAM_42548,bpRNA_RFAM_42602,-18.5
bpRNA_RFAM_42548,bpRNA_RFAM_42603,-14.5
bpRNA_RFAM_42548,bpRNA_RFAM_5814,-37.5
bpRNA_RFAM_42548,bpRNA_RFAM_5815,-32
bpRNA_RFAM_42548,bpRNA_RFAM_5967,-28
bpRNA_RFAM_42548,bpRNA_RFAM_5968,-26.5
bpRNA_RFAM_42548,bpRNA_RFAM_5969,-21.5
bpRNA_RFAM_42548,bpRNA_RFAM_5970,-27.5
bpRNA_RFAM_42548,bpRNA_RFAM_5971,-27.5
bpRNA_RFAM_42548,bpRNA_RFAM_670,-12
bpRNA_RFAM_42550,bpRNA_RFAM_42552,79
bpRNA_RFAM_42550,bpRNA_RFAM_42554,63
bpRNA_RFAM_42550,bpRNA_RFAM_42556,70
bpRNA_RFAM_42550,bpRNA_RFAM_42558,74
bpRNA_RFAM_42550,bpRNA_RFAM_42563,-22
bpRNA_RFAM_42550,bpRNA_RFAM_42565,-29.5
bpRNA_RFAM_42550,bpRNA_RFAM_42569,-25
bpRNA_RFAM_42550,bpRNA_RFAM_42570,-26
bpRNA_RFAM_42550,bpRNA_RFAM_42574,-23
bpRNA_RFAM_42550,bpRNA_RFAM_42576,-26
bpRNA_RFAM_42550,bpRNA_RFAM_42577,-28
bpRNA_RFAM_42550,bpRNA_RFAM_42584,-14.5
bpRNA_RFAM_42550,bpRNA_RFAM_42585,-15
bpRNA_RFAM_42550,bpRNA_RFAM_42587,-13.5
bpRNA_RFAM_42550,bpRNA_RFAM_42602,-21.5
bpRNA_RFAM_42550,bpRNA_RFAM_42603,-16.5
bpRNA_RFAM_42550,bpRNA_RFAM_5814,-33
bpRNA_RFAM_42550,bpRNA_RFAM_5815,-32.5
bpRNA_RFAM_42550,bpRNA_RFAM_5967,-23.5
bpRNA_RFAM_42550,bpRNA_RFAM_5968,-26.5
bpRNA_RFAM_42550,bpRNA_RFAM_5969,-21.5
bpRNA_RFAM_42550,bpRNA_RFAM_5970,-25.5
bpRNA_RFAM_42550,bpRNA_RFAM_5971,-23.5
bpRNA_RFAM_42550,bpRNA_RFAM_670,-9
bpRNA_RFAM_42552,bpRNA_RFAM_42554,75
bpRNA_RFAM_42552,bpRNA_RFAM_42556,70
bpRNA_RFAM_42552,bpRNA_RFAM_42558,77
bpRNA_RFAM_42552,bpRNA_RFAM_42563,-29
bpRNA_RFAM_42552,bpRNA_RFAM_42565,-29.5
bpRNA_RFAM_42552,bpRNA_RFAM_42569,-29.5
bpRNA_RFAM_42552,bpRNA_RFAM_42570,-28.5
bpRNA_RFAM_42552,bpRNA_RFAM_42574,-25
bpRNA_RFAM_42552,bpRNA_RFAM_42576,-30.5
bpRNA_RFAM_42552,bpRNA_RFAM_42577,-29.5
bpRNA_RFAM_42552,bpRNA_RFAM_42584,-13
bpRNA_RFAM_42552,bpRNA_RFAM_42585,-17
bpRNA_RFAM_42552,bpRNA_RFAM_42587,-17.5
bpRNA_RFAM_42552,bpRNA_RFAM_42602,-22.5
bpRNA_RFAM_42552,bpRNA_RFAM_42603,-16.5
bpRNA_RFAM_42552,bpRNA_RFAM_5814,-36.5
bpRNA_RFAM_42552,bpRNA_RFAM_5815,-34
bpRNA_RFAM_42552,bpRNA_RFAM_5967,-31.5
bpRNA_RFAM_42552,bpRNA_RFAM_5968,-30.5
bpRNA_RFAM_42552,bpRNA_RFAM_5969,-27.5
bpRNA_RFAM_42552,bpRNA_RFAM_5970,-29.5
bpRNA_RFAM_42552,bpRNA_RFAM_5971,-30.5
bpRNA_RFAM_42552,bpRNA_RFAM_670,-19.5
bpRNA_RFAM_42554,bpRNA_RFAM_42556,61
bpRNA_RFAM_42554,bpRNA_RFAM_42558,59
bpRNA_RFAM_42554,bpRNA_RFAM_42563,-24.5
bpRNA_RFAM_42554,bpRNA_RFAM_42565,-24.5
bpRNA_RFAM_42554,bpRNA_RFAM_42569,-29
bpRNA_RFAM_42554,bpRNA_RFAM_42570,-24
bpRNA_RFAM_42554,bpRNA_RFAM_42574,-20
bpRNA_RFAM_42554,bpRNA_RFAM_42576,-19.5
bpRNA_RFAM_42554,bpRNA_RFAM_42577,-20.5
bpRNA_RFAM_42554,bpRNA_RFAM_42584,-22.5
bpRNA_RFAM_42554,bpRNA_RFAM_42585,-21.5
bpRNA_RFAM_42554,bpRNA_RFAM_42587,-20.5
bpRNA_RFAM_42554,bpRNA_RFAM_42602,-25.5
bpRNA_RFAM_42554,bpRNA_RFAM_42603,-15.5
bpRNA_RFAM_42554,bpRNA_RFAM_5814,-42
bpRNA_RFAM_42554,bpRNA_RFAM_5815,-35
bpRNA_RFAM_42554,bpRNA_RFAM_5967,-32.5
bpRNA_RFAM_42554,bpRNA_RFAM_5968,-29.5
bpRNA_RFAM_42554,bpRNA_RFAM_5969,-30
bpRNA_RFAM_42554,bpRNA_RFAM_5970,-26
bpRNA_RFAM_42554,bpRNA_RFAM_5971,-31.5
bpRNA_RFAM_42554,bpRNA_RFAM_670,-21.5
bpRNA_RFAM_42556,bpRNA_RFAM_42558,68
bpRNA_RFAM_42556,bpRNA_RFAM_42563,-23.5
bpRNA_RFAM_42556,bpRNA_RFAM_42565,-24.5
bpRNA_RFAM_42556,bpRNA_RFAM_42569,-23.5
bpRNA_RFAM_42556,bpRNA_RFAM_42570,-27
bpRNA_RFAM_42556,bpRNA_RFAM_42574,-23
bpRNA_RFAM_42556,bpRNA_RFAM_42576,-31.5
bpRNA_RFAM_42556,bpRNA_RFAM_42577,-28.5
bpRNA_RFAM_42556,bpRNA_RFAM_42584,-15.5
bpRNA_RFAM_42556,bpRNA_RFAM_42585,-14.5
bpRNA_RFAM_42556,bpRNA_RFAM_42587,-14.5
bpRNA_RFAM_42556,bpRNA_RFAM_42602,-18
bpRNA_RFAM_42556,bpRNA_RFAM_42603,-15.5
bpRNA_RFAM_42556,bpRNA_RFAM_5814,-32
bpRNA_RFAM_42556,bpRNA_RFAM_5815,-28.5
bpRNA_RFAM_42556,bpRNA_RFAM_5967,-27.5
bpRNA_RFAM_42556,bpRNA_RFAM_5968,-23
bpRNA_RFAM_42556,bpRNA_RFAM_5969,-25
bpRNA_RFAM_42556,bpRNA_RFAM_5970,-18
bpRNA_RFAM_42556,bpRNA_RFAM_5971,-26.5
bpRNA_RFAM_42556,bpRNA_RFAM_670,-12
bpRNA_RFAM_42558,bpRNA_RFAM_42563,-26
bpRNA_RFAM_42558,bpRNA_RFAM_42565,-27.5
bpRNA_RFAM_42558,bpRNA_RFAM_42569,-20.5
bpRNA_RFAM_42558,bpRNA_RFAM_42570,-27.5
bpRNA_RFAM_42558,bpRNA_RFAM_42574,-24
bpRNA_RFAM_42558,bpRNA_RFAM_42576,-32.5
bpRNA_RFAM_42558,bpRNA_RFAM_42577,-27
bpRNA_RFAM_42558,bpRNA_RFAM_42584,-13.5
bpRNA_RFAM_42558,bpRNA_RFAM_42585,-17.5
bpRNA_RFAM_42558,bpRNA_RFAM_42587,-15
bpRNA_RFAM_42558,bpRNA_RFAM_42602,-20.5
bpRNA_RFAM_42558,bpRNA_RFAM_42603,-12.5
bpRNA_RFAM_42558,bpRNA_RFAM_5814,-33.5
bpRNA_RFAM_42558,bpRNA_RFAM_5815,-31
bpRNA_RFAM_42558,bpRNA_RFAM_5967,-25.5
bpRNA_RFAM_42558,bpRNA_RFAM_5968,-23.5
bpRNA_RFAM_42558,bpRNA_RFAM_5969,-27.5
bpRNA_RFAM_42558,bpRNA_RFAM_5970,-26
bpRNA_RFAM_42558,bpRNA_RFAM_5971,-25.5
bpRNA_RFAM_42558,bpRNA_RFAM_670,-15
bpRNA_RFAM_42563,bpRNA_RFAM_42565,73
bpRNA_RFAM_42563,bpRNA_RFAM_42569,64
bpRNA_RFAM_42563,bpRNA_RFAM_42570,54
bpRNA_RFAM_42563,bpRNA_RFAM_42574,56
bpRNA_RFAM_42563,bpRNA_RFAM_42576,49
bpRNA_RFAM_42563,bpRNA_RFAM_42577,62
bpRNA_RFAM_42563,bpRNA_RFAM_42584,-12.5
bpRNA_RFAM_42563,bpRNA_RFAM_42585,-15.5
bpRNA_RFAM_42563,bpRNA_RFAM_42587,-45.5
bpRNA_RFAM_42563,bpRNA_RFAM_42602,-45
bpRNA_RFAM_42563,bpRNA_RFAM_42603,-19
bpRNA_RFAM_42563,bpRNA_RFAM_5814,-49
bpRNA_RFAM_42563,bpRNA_RFAM_5815,-48.5
bpRNA_RFAM_42563,bpRNA_RFAM_5967,-33
bpRNA_RFAM_42563,bpRNA_RFAM_5968,-40
bpRNA_RFAM_42563,bpRNA_RFAM_5969,-28
bpRNA_RFAM_42563,bpRNA_RFAM_5970,-35
bpRNA_RFAM_42563,bpRNA_RFAM_5971,-32
bpRNA_RFAM_42563,bpRNA_RFAM_670,-30.5
bpRNA_RFAM_42565,bpRNA_RFAM_42569,66
bpRNA_RFAM_42565,bpRNA_RFAM_42570,48
bpRNA_RFAM_42565,bpRNA_RFAM_42574,50
bpRNA_RFAM_42565,bpRNA_RFAM_42576,46
bpRNA_RFAM_42565,bpRNA_RFAM_42577,59
bpRNA_RFAM_42565,bpRNA_RFAM_42584,-18
bpRNA_RFAM_42565,bpRNA_RFAM_42585,-19.5
bpRNA_RFAM_42565,bpRNA_RFAM_42587,-46
bpRNA_RFAM_42565,bpRNA_RFAM_42602,-50.5
bpRNA_RFAM_42565,bpRNA_RFAM_42603,-25
bpRNA_RFAM_42565,bpRNA_RFAM_5814,-48
bpRNA_RFAM_42565,bpRNA_RFAM_5815,-49.5
bpRNA_RFAM_42565,bpRNA_RFAM_5967,-37
bpRNA_RFAM_42565,bpRNA_RFAM_5968,-42.5
bpRNA_RFAM_42565,bpRNA_RFAM_5969,-31
bpRNA_RFAM_42565,bpRNA_RFAM_5970,-42
bpRNA_RFAM_42565,bpRNA_RFAM_5971,-37
bpRNA_RFAM_42565,bpRNA_RFAM_670,-30.5
bpRNA_RFAM_42569,bpRNA_RFAM_42570,50
bpRNA_RFAM_42569,bpRNA_RFAM_42574,58
bpRNA_RFAM_42569,bpRNA_RFAM_42576,50
bpRNA_RFAM_42569,bpRNA_RFAM_42577,64
bpRNA_RFAM_42569,bpRNA_RFAM_42584,-16
bpRNA_RFAM_42569,bpRNA_RFAM_42585,-16
bpRNA_RFAM_42569,bpRNA_RFAM_42587,-47.5
bpRNA_RFAM_42569,bpRNA_RFAM_42602,-53
bpRNA_RFAM_42569,bpRNA_RFAM_42603,-23
bpRNA_RFAM_42569,bpRNA_RFAM_5814,-45
bpRNA_RFAM_42569,bpRNA_RFAM_5815,-51.5
bpRNA_RFAM_42569,bpRNA_RFAM_5967,-34
bpRNA_RFAM_42569,bpRNA_RFAM_5968,-43
bpRNA_RFAM_42569,bpRNA_RFAM_5969,-28
bpRNA_RFAM_42569,bpRNA_RFAM_5970,-43
bpRNA_RFAM_42569,bpRNA_RFAM_5971,-35
bpRNA_RFAM_42569,bpRNA_RFAM_670,-24.5
bpRNA_RFAM_42570,bpRNA_RFAM_42574,60
bpRNA_RFAM_42570,bpRNA_RFAM_42576,52.5
bpRNA_RFAM_42570,bpRNA_RFAM_42577,48
bpRNA_RFAM_42570,bpRNA_RFAM_42584,-9.5
bpRNA_RFAM_42570,bpRNA_RFAM_42585,-15.5
bpRNA_RFAM_42570,bpRNA_RFAM_42587,-45
bpRNA_RFAM_42570,bpRNA_RFAM_42602,-44
bpRNA_RFAM_42570,bpRNA_RFAM_42603,-22
bpRNA_RFAM_42570,bpRNA_RFAM_5814,-49
bpRNA_RFAM_42570,bpRNA_RFAM_5815,-50.5
bpRNA_RFAM_42570,bpRNA_RFAM_5967,-34
bpRNA_RFAM_42570,bpRNA_RFAM_5968,-35.5
bpRNA_RFAM_42570,bpRNA_RFAM_5969,-24
bpRNA_RFAM_42570,bpRNA_RFAM_5970,-33.5
bpRNA_RFAM_42570,bpRNA_RFAM_5971,-33
bpRNA_RFAM_42570,bpRNA_RFAM_670,-28
bpRNA_RFAM_42574,bpRNA_RFAM_42576,56.5
bpRNA_RFAM_42574,bpRNA_RFAM_42577,60
bpRNA_RFAM_42574,bpRNA_RFAM_42584,-11
bpRNA_RFAM_42574,bpRNA_RFAM_42585,-13.5
bpRNA_RFAM_42574,bpRNA_RFAM_42587,-43
bpRNA_RFAM_42574,bpRNA_RFAM_42602,-44
bpRNA_RFAM_42574,bpRNA_RFAM_42603,-20
bpRNA_RFAM_42574,bpRNA_RFAM_5814,-46.5
bpRNA_RFAM_42574,bpRNA_RFAM_5815,-52
bpRNA_RFAM_42574,bpRNA_RFAM_5967,-28
bpRNA_RFAM_42574,bpRNA_RFAM_5968,-37
bpRNA_RFAM_42574,bpRNA_RFAM_5969,-29
bpRNA_RFAM_42574,bpRNA_RFAM_5970,-37
bpRNA_RFAM_42574,bpRNA_RFAM_5971,-27
bpRNA_RFAM_42574,bpRNA_RFAM_670,-28.5
bpRNA_RFAM_42576,bpRNA_RFAM_42577,69
bpRNA_RFAM_42576,bpRNA_RFAM_42584,-6
bpRNA_RFAM_42576,bpRNA_RFAM_42585,-10
bpRNA_RFAM_42576,bpRNA_RFAM_42587,-36
bpRNA_RFAM_42576,bpRNA_RFAM_42602,-37
bpRNA_RFAM_42576,bpRNA_RFAM_42603,-14
bpRNA_RFAM_42576,bpRNA_RFAM_5814,-43
bpRNA_RFAM_42576,bpRNA_RFAM_5815,-46.5
bpRNA_RFAM_42576,bpRNA_RFAM_5967,-40
bpRNA_RFAM_42576,bpRNA_RFAM_5968,-39
bpRNA_RFAM_42576,bpRNA_RFAM_5969,-30.5
bpRNA_RFAM_42576,bpRNA_RFAM_5970,-34.5
bpRNA_RFAM_42576,bpRNA_RFAM_5971,-39
bpRNA_RFAM_42576,bpRNA_RFAM_670,-36
bpRNA_RFAM_42577,bpRNA_RFAM_42584,-14
bpRNA_RFAM_42577,bpRNA_RFAM_42585,-16
bpRNA_RFAM_42577,bpRNA_RFAM_42587,-49.5
bpRNA_RFAM_42577,bpRNA_RFAM_42602,-43.5
bpRNA_RFAM_42577,bpRNA_RFAM_42603,-19
bpRNA_RFAM_42577,bpRNA_RFAM_5814,-50
bpRNA_RFAM_42577,bpRNA_RFAM_5815,-51
bpRNA_RFAM_42577,bpRNA_RFAM_5967,-35
bpRNA_RFAM_42577,bpRNA_RFAM_5968,-33
bpRNA_RFAM_42577,bpRNA_RFAM_5969,-31
bpRNA_RFAM_42577,bpRNA_RFAM_5970,-33
bpRNA_RFAM_42577,bpRNA_RFAM_5971,-34
bpRNA_RFAM_42577,bpRNA_RFAM_670,-30.5
bpRNA_RFAM_42584,bpRNA_RFAM_42585,73.5
bpRNA_RFAM_42584,bpRNA_RFAM_42587,-20.5
bpRNA_RFAM_42584,bpRNA_RFAM_42602,-22
bpRNA_RFAM_42584,bpRNA_RFAM_42603,-21.5
bpRNA_RFAM_42584,bpRNA_RFAM_5814,-22
bpRNA_RFAM_42584,bpRNA_RFAM_5815,-20
bpRNA_RFAM_42584,bpRNA_RFAM_5967,-7
bpRNA_RFAM_42584,bpRNA_RFAM_5968,-13
bpRNA_RFAM_42584,bpRNA_RFAM_5969,-8.5
bpRNA_RFAM_42584,bpRNA_RFAM_5970,-16
bpRNA_RFAM_42584,bpRNA_RFAM_5971,-6
bpRNA_RFAM_42584,bpRNA_RFAM_670,-26.5
bpRNA_RFAM_42585,bpRNA_RFAM_42587,-15.5
bpRNA_RFAM_42585,bpRNA_RFAM_42602,-21.5
bpRNA_RFAM_42585,bpRNA_RFAM_42603,-25.5
bpRNA_RFAM_42585,bpRNA_RFAM_5814,-21
bpRNA_RFAM_42585,bpRNA_RFAM_5815,-23
bpRNA_RFAM_42585,bpRNA_RFAM_5967,-11
bpRNA_RFAM_42585,bpRNA_RFAM_5968,-17
bpRNA_RFAM_42585,bpRNA_RFAM_5969,-8
bpRNA_RFAM_42585,bpRNA_RFAM_5970,-14
bpRNA_RFAM_42585,bpRNA_RFAM_5971,-10
bpRNA_RFAM_42585,bpRNA_RFAM_670,-23.5
bpRNA_RFAM_42587,bpRNA_RFAM_42602,90
bpRNA_RFAM_42587,bpRNA_RFAM_42603,-25
bpRNA_RFAM_42587,bpRNA_RFAM_5814,-56.5
bpRNA_RFAM_42587,bpRNA_RFAM_5815,-57
bpRNA_RFAM_42587,bpRNA_RFAM_5967,-11.5
bpRNA_RFAM_42587,bpRNA_RFAM_5968,-9
bpRNA_RFAM_42587,bpRNA_RFAM_5969,-22.5
bpRNA_RFAM_42587,bpRNA_RFAM_5970,-6
bpRNA_RFAM_42587,bpRNA_RFAM_5971,-13
bpRNA_RFAM_42587,bpRNA_RFAM_670,-28.5
bpRNA_RFAM_42602,bpRNA_RFAM_42603,-28
bpRNA_RFAM_42602,bpRNA_RFAM_5814,-61
bpRNA_RFAM_42602,bpRNA_RFAM_5815,-60
bpRNA_RFAM_42602,bpRNA_RFAM_5967,-13
bpRNA_RFAM_42602,bpRNA_RFAM_5968,-9.5
bpRNA_RFAM_42602,bpRNA_RFAM_5969,-21
bpRNA_RFAM_42602,bpRNA_RFAM_5970,-4
bpRNA_RFAM_42602,bpRNA_RFAM_5971,-12
bpRNA_RFAM_42602,bpRNA_RFAM_670,-31
bpRNA_RFAM_42603,bpRNA_RFAM_5814,-47.5
bpRNA_RFAM_42603,bpRNA_RFAM_5815,-47
bpRNA_RFAM_42603,bpRNA_RFAM_5967,-35
bpRNA_RFAM_42603,bpRNA_RFAM_5968,-33.5
bpRNA_RFAM_42603,bpRNA_RFAM_5969,-39
bpRNA_RFAM_42603,bpRNA_RFAM_5970,-28
bpRNA_RFAM_42603,bpRNA_RFAM_5971,-34
bpRNA_RFAM_42603,bpRNA_RFAM_670,-44
bpRNA_RFAM_5814,bpRNA_RFAM_5815,78.5
bpRNA_RFAM_5814,bpRNA_RFAM_5967,-54
bpRNA_RFAM_5814,bpRNA_RFAM_5968,-46
bpRNA_RFAM_5814,bpRNA_RFAM_5969,-57
bpRNA_RFAM_5814,bpRNA_RFAM_5970,-51
bpRNA_RFAM_5814,bpRNA_RFAM_5971,-55
bpRNA_RFAM_5814,bpRNA_RFAM_670,-50
bpRNA_RFAM_5815,bpRNA_RFAM_5967,-52.5
bpRNA_RFAM_5815,bpRNA_RFAM_5968,-47
bpRNA_RFAM_5815,bpRNA_RFAM_5969,-49
bpRNA_RFAM_5815,bpRNA_RFAM_5970,-51
bpRNA_RFAM_5815,bpRNA_RFAM_5971,-53
bpRNA_RFAM_5815,bpRNA_RFAM_670,-42.5
bpRNA_RFAM_5967,bpRNA_RFAM_5968,60
bpRNA_RFAM_5967,bpRNA_RFAM_5969,50
bpRNA_RFAM_5967,bpRNA_RFAM_5970,52
bpRNA_RFAM_5967,bpRNA_RFAM_5971,103.5
bpRNA_RFAM_5967,bpRNA_RFAM_670,-26
bpRNA_RFAM_5968,bpRNA_RFAM_5969,42.5
bpRNA_RFAM_5968,bpRNA_RFAM_5970,74.5
bpRNA_RFAM_5968,bpRNA_RFAM_5971,58
bpRNA_RFAM_5968,bpRNA_RFAM_670,-18.5
bpRNA_RFAM_5969,bpRNA_RFAM_5970,37
bpRNA_RFAM_5969,bpRNA_RFAM_5971,48
bpRNA_RFAM_5969,bpRNA_RFAM_670,-19
bpRNA_RFAM_5970,bpRNA_RFAM_5971,50
bpRNA_RFAM_5970,bpRNA_RFAM_670,-20
bpRNA_RFAM_5971,bpRNA_RFAM_670,-26.5
